{
  "personas": [
    {
      "gender": "male",
      "name": {
        "title": "Mr",
        "first": "Tristan",
        "last": "Gill"
      },
      "location": {
        "street": {
          "number": 1344,
          "name": "Balmoral St"
        },
        "city": "Grand Falls",
        "state": "Ontario",
        "country": "Canada",
        "postcode": "Z9U 4J4",
        "coordinates": {
          "latitude": "-67.4804",
          "longitude": "-63.2687"
        },
        "timezone": {
          "offset": "-9:00",
          "description": "Alaska"
        }
      },
      "email": "tristan.gill@example.com",
      "login": {
        "uuid": "e51226aa-c547-4b7d-a648-fb843cb6991f",
        "username": "crazyleopard960",
        "password": "adadM141$",
        "salt": "WvrCQC1y",
        "md5": "360165f59e3a21a3ab751e40edcf7332",
        "sha1": "eb4be66385381d8b2a0d79d7509eae493cb5c4c3",
        "sha256": "72d471389dee1ece738bd76c03f544397061c0460f726ec08b041066e4d46d20"
      },
      "dob": {
        "date": "1985-02-03T06:53:13.680Z",
        "age": 37
      },
      "registered": {
        "date": "2011-05-22T17:20:10.539Z",
        "age": 11
      },
      "phone": "177-466-0970",
      "cell": "533-969-8168",
      "id": {
        "name": "",
        "value": null
      },
      "picture": {
        "large": "https://randomuser.me/api/portraits/men/31.jpg",
        "medium": "https://randomuser.me/api/portraits/med/men/31.jpg",
        "thumbnail": "https://randomuser.me/api/portraits/thumb/men/31.jpg"
      },
      "nat": "CA"
    },
    {
      "gender": "male",
      "name": {
        "title": "Mr",
        "first": "Jay-Robert",
        "last": "Peters"
      },
      "location": {
        "street": {
          "number": 1735,
          "name": "Albert Road"
        },
        "city": "Killarney",
        "state": "Dublin City",
        "country": "Ireland",
        "postcode": 40354,
        "coordinates": {
          "latitude": "37.6837",
          "longitude": "-154.1353"
        },
        "timezone": {
          "offset": "+3:30",
          "description": "Tehran"
        }
      },
      "email": "jay.peters@example.com",
      "login": {
        "uuid": "955fbfe2-adff-4c75-ba37-b920735c0863",
        "username": "angrypanda910",
        "password": "honey1",
        "salt": "YbGypPtH",
        "md5": "4641d1248ca2d98af773376a3ac0015c",
        "sha1": "3b087eea96ff744ccc6c2c483ac96ac09a2cfa61",
        "sha256": "8f4847e3890b4b4d80bb73b8c44c738ebbe864483741af6c0b9664c361964f18"
      },
      "dob": {
        "date": "1983-08-12T23:25:50.785Z",
        "age": 39
      },
      "registered": {
        "date": "2004-04-27T02:02:37.952Z",
        "age": 18
      },
      "phone": "041-485-8623",
      "cell": "081-255-2288",
      "id": {
        "name": "PPS",
        "value": "2482723T"
      },
      "picture": {
        "large": "https://randomuser.me/api/portraits/men/96.jpg",
        "medium": "https://randomuser.me/api/portraits/med/men/96.jpg",
        "thumbnail": "https://randomuser.me/api/portraits/thumb/men/96.jpg"
      },
      "nat": "IE"
    },
    {
      "gender": "male",
      "name": {
        "title": "Mr",
        "first": "Torjus",
        "last": "Teien"
      },
      "location": {
        "street": {
          "number": 7968,
          "name": "Bjerkelia"
        },
        "city": "Hyggen",
        "state": "Oppland",
        "country": "Norway",
        "postcode": "4887",
        "coordinates": {
          "latitude": "30.7604",
          "longitude": "-69.3179"
        },
        "timezone": {
          "offset": "-10:00",
          "description": "Hawaii"
        }
      },
      "email": "torjus.teien@example.com",
      "login": {
        "uuid": "870beb1f-76c8-4d93-a388-44dc37d3b45c",
        "username": "blackkoala588",
        "password": "presiden",
        "salt": "mlREcHWi",
        "md5": "4729607573c0f981eb98598ff9504d87",
        "sha1": "411ae76f7331f2c8c644edd6f24e72e33b097a99",
        "sha256": "d77b41873d7741dcc3e7c46a1fae3f12362c0b9cc89b1011ef8bddfba406a946"
      },
      "dob": {
        "date": "1972-08-08T17:14:13.942Z",
        "age": 50
      },
      "registered": {
        "date": "2013-03-29T05:28:28.236Z",
        "age": 9
      },
      "phone": "63412081",
      "cell": "44698898",
      "id": {
        "name": "FN",
        "value": "08087225136"
      },
      "picture": {
        "large": "https://randomuser.me/api/portraits/men/2.jpg",
        "medium": "https://randomuser.me/api/portraits/med/men/2.jpg",
        "thumbnail": "https://randomuser.me/api/portraits/thumb/men/2.jpg"
      },
      "nat": "NO"
    },
    {
      "gender": "male",
      "name": {
        "title": "Mr",
        "first": "Wallace",
        "last": "Ward"
      },
      "location": {
        "street": {
          "number": 2963,
          "name": "Springfield Road"
        },
        "city": "Carrigaline",
        "state": "Cork City",
        "country": "Ireland",
        "postcode": 37930,
        "coordinates": {
          "latitude": "-71.5105",
          "longitude": "150.4943"
        },
        "timezone": {
          "offset": "+11:00",
          "description": "Magadan, Solomon Islands, New Caledonia"
        }
      },
      "email": "wallace.ward@example.com",
      "login": {
        "uuid": "d1c158a3-3b70-48c2-b278-8a0957231d23",
        "username": "sadpanda764",
        "password": "peaches",
        "salt": "ZaIBSAql",
        "md5": "b2923c023fbfc74dfb474d7f0558dadf",
        "sha1": "2a81814ab9a1a0f6dabcbe7203236de545a69440",
        "sha256": "8dbc7c9c18feabd3ac43fb2045c57a309d967f5ccb4626ee65fe4ebce27ae1e0"
      },
      "dob": {
        "date": "1991-03-27T16:39:46.788Z",
        "age": 31
      },
      "registered": {
        "date": "2017-06-03T20:47:04.817Z",
        "age": 5
      },
      "phone": "051-525-3076",
      "cell": "081-096-3737",
      "id": {
        "name": "PPS",
        "value": "7808966T"
      },
      "picture": {
        "large": "https://randomuser.me/api/portraits/men/1.jpg",
        "medium": "https://randomuser.me/api/portraits/med/men/1.jpg",
        "thumbnail": "https://randomuser.me/api/portraits/thumb/men/1.jpg"
      },
      "nat": "IE"
    },
    {
      "gender": "female",
      "name": {
        "title": "Miss",
        "first": "Luz",
        "last": "Bravo"
      },
      "location": {
        "street": {
          "number": 5257,
          "name": "Calle del Arenal"
        },
        "city": "Toledo",
        "state": "Aragón",
        "country": "Spain",
        "postcode": 59271,
        "coordinates": {
          "latitude": "-3.3809",
          "longitude": "58.3443"
        },
        "timezone": {
          "offset": "-6:00",
          "description": "Central Time (US & Canada), Mexico City"
        }
      },
      "email": "luz.bravo@example.com",
      "login": {
        "uuid": "fddfd78a-1fef-44c3-a4d0-87b642abbbdd",
        "username": "sadbird822",
        "password": "colonel",
        "salt": "QIZIPgnD",
        "md5": "e4591aca4bd545299325036c9c06f029",
        "sha1": "510325c7f34d747bcb33f48346998457231b0844",
        "sha256": "42e248e4d97888aac4e46efc4eedeae35cb85abfd5401e9f6154ee6e1c16051c"
      },
      "dob": {
        "date": "1950-11-19T07:28:34.354Z",
        "age": 72
      },
      "registered": {
        "date": "2018-11-08T08:03:21.019Z",
        "age": 4
      },
      "phone": "906-832-743",
      "cell": "641-405-553",
      "id": {
        "name": "DNI",
        "value": "06399396-Q"
      },
      "picture": {
        "large": "https://randomuser.me/api/portraits/women/76.jpg",
        "medium": "https://randomuser.me/api/portraits/med/women/76.jpg",
        "thumbnail": "https://randomuser.me/api/portraits/thumb/women/76.jpg"
      },
      "nat": "ES"
    },
    {
      "gender": "female",
      "name": {
        "title": "Mrs",
        "first": "Aubree",
        "last": "Liu"
      },
      "location": {
        "street": {
          "number": 5316,
          "name": "3rd St"
        },
        "city": "Stratford",
        "state": "Ontario",
        "country": "Canada",
        "postcode": "O1V 9X0",
        "coordinates": {
          "latitude": "-87.3979",
          "longitude": "36.4631"
        },
        "timezone": {
          "offset": "+4:00",
          "description": "Abu Dhabi, Muscat, Baku, Tbilisi"
        }
      },
      "email": "aubree.liu@example.com",
      "login": {
        "uuid": "94851ca0-e95c-44cc-90df-a96f91338cd0",
        "username": "whiteladybug288",
        "password": "dark",
        "salt": "7AtA3RO7",
        "md5": "91bb4bfa51c717a7613024255933a156",
        "sha1": "efae9735d13f68bab3555de58ed82fc421bf9711",
        "sha256": "3697c71b0dd932a5a4ca2f0b8d305db7541bbbe8f8deb9c44c7fcfc9c6d11f3d"
      },
      "dob": {
        "date": "1989-03-14T17:59:45.939Z",
        "age": 33
      },
      "registered": {
        "date": "2003-02-08T03:51:32.313Z",
        "age": 19
      },
      "phone": "500-229-8101",
      "cell": "829-910-6910",
      "id": {
        "name": "",
        "value": null
      },
      "picture": {
        "large": "https://randomuser.me/api/portraits/women/83.jpg",
        "medium": "https://randomuser.me/api/portraits/med/women/83.jpg",
        "thumbnail": "https://randomuser.me/api/portraits/thumb/women/83.jpg"
      },
      "nat": "CA"
    },
    {
      "gender": "female",
      "name": {
        "title": "Miss",
        "first": "Oya",
        "last": "Babacan"
      },
      "location": {
        "street": {
          "number": 8476,
          "name": "Abanoz Sk"
        },
        "city": "Kastamonu",
        "state": "Kırıkkale",
        "country": "Turkey",
        "postcode": 61028,
        "coordinates": {
          "latitude": "8.5440",
          "longitude": "64.0608"
        },
        "timezone": {
          "offset": "+10:00",
          "description": "Eastern Australia, Guam, Vladivostok"
        }
      },
      "email": "oya.babacan@example.com",
      "login": {
        "uuid": "8d8a1373-b0c1-4fc0-9d53-b65736098961",
        "username": "sadbird947",
        "password": "bdsm",
        "salt": "RtcwlXXi",
        "md5": "9d89d02075e60981011093ce03b1d1ba",
        "sha1": "c40e8d67e86bc7edd015a34b3259ed66f610abb1",
        "sha256": "2467f8a9598ea2ab3d224385c3b77c2efb3f87511696a85aa52a22cd9d6d64b8"
      },
      "dob": {
        "date": "1952-07-11T01:26:32.051Z",
        "age": 70
      },
      "registered": {
        "date": "2009-05-15T18:08:54.103Z",
        "age": 13
      },
      "phone": "(211)-679-5386",
      "cell": "(805)-698-8329",
      "id": {
        "name": "",
        "value": null
      },
      "picture": {
        "large": "https://randomuser.me/api/portraits/women/67.jpg",
        "medium": "https://randomuser.me/api/portraits/med/women/67.jpg",
        "thumbnail": "https://randomuser.me/api/portraits/thumb/women/67.jpg"
      },
      "nat": "TR"
    },
    {
      "gender": "male",
      "name": {
        "title": "Mr",
        "first": "Hunter",
        "last": "Evans"
      },
      "location": {
        "street": {
          "number": 9638,
          "name": "Ravensbourne Road"
        },
        "city": "Whanganui",
        "state": "Nelson",
        "country": "New Zealand",
        "postcode": 30703,
        "coordinates": {
          "latitude": "22.3915",
          "longitude": "-66.7273"
        },
        "timezone": {
          "offset": "-5:00",
          "description": "Eastern Time (US & Canada), Bogota, Lima"
        }
      },
      "email": "hunter.evans@example.com",
      "login": {
        "uuid": "ff5e992d-2899-481d-a1f6-46ebaf4f73d0",
        "username": "happyswan976",
        "password": "osiris",
        "salt": "DYAuewjJ",
        "md5": "c249ff67c327adf9e7cc68b57df5aa22",
        "sha1": "b853f4da62caf89fd6c5005fcd508528b3ecd3fa",
        "sha256": "3daa3e092152ab4a2bfce2427786007c4119a9875d52549799fd62b923fa5bc5"
      },
      "dob": {
        "date": "1975-08-28T20:20:07.063Z",
        "age": 47
      },
      "registered": {
        "date": "2002-07-18T12:08:02.662Z",
        "age": 20
      },
      "phone": "(079)-087-4567",
      "cell": "(262)-459-2858",
      "id": {
        "name": "dni",
        "value": null
      },
      "picture": {
        "large": "https://randomuser.me/api/portraits/men/84.jpg",
        "medium": "https://randomuser.me/api/portraits/med/men/84.jpg",
        "thumbnail": "https://randomuser.me/api/portraits/thumb/men/84.jpg"
      },
      "nat": "NZ"
    },
    {
      "gender": "female",
      "name": {
        "title": "Ms",
        "first": "Emily",
        "last": "Christensen"
      },
      "location": {
        "street": {
          "number": 490,
          "name": "Hulvejen"
        },
        "city": "Sundby/Erslev",
        "state": "Hovedstaden",
        "country": "Denmark",
        "postcode": 37187,
        "coordinates": {
          "latitude": "64.4132",
          "longitude": "23.8679"
        },
        "timezone": {
          "offset": "+6:00",
          "description": "Almaty, Dhaka, Colombo"
        }
      },
      "email": "emily.christensen@example.com",
      "login": {
        "uuid": "0143ed20-2c3e-4f21-af11-82dfe0eac24f",
        "username": "purpledog460",
        "password": "sauron",
        "salt": "ymmJbqL9",
        "md5": "e613bcef648c37fd74396d0ade1e8acb",
        "sha1": "70e89581e7f8a7b484716045d945971609a0a674",
        "sha256": "19e7012ac74bf432919a6a2b0d92d42aca5af39087527de41126d67f31f62de7"
      },
      "dob": {
        "date": "1956-02-12T21:43:59.512Z",
        "age": 66
      },
      "registered": {
        "date": "2010-12-23T19:52:47.637Z",
        "age": 12
      },
      "phone": "83008722",
      "cell": "67510200",
      "id": {
        "name": "CPR",
        "value": "120256-7897"
      },
      "picture": {
        "large": "https://randomuser.me/api/portraits/women/34.jpg",
        "medium": "https://randomuser.me/api/portraits/med/women/34.jpg",
        "thumbnail": "https://randomuser.me/api/portraits/thumb/women/34.jpg"
      },
      "nat": "DK"
    },
    {
      "gender": "female",
      "name": {
        "title": "Miss",
        "first": "Lidia",
        "last": "Mora"
      },
      "location": {
        "street": {
          "number": 7564,
          "name": "Calle de Bravo Murillo"
        },
        "city": "Barcelona",
        "state": "Ceuta",
        "country": "Spain",
        "postcode": 10437,
        "coordinates": {
          "latitude": "62.5801",
          "longitude": "-27.3570"
        },
        "timezone": {
          "offset": "-2:00",
          "description": "Mid-Atlantic"
        }
      },
      "email": "lidia.mora@example.com",
      "login": {
        "uuid": "7e9b5052-cc21-4b0f-a6b3-22bbf95dad08",
        "username": "whitebutterfly261",
        "password": "blue42",
        "salt": "AALTo4DA",
        "md5": "9ca21a04b2f083bba0e4681634097322",
        "sha1": "cbdce2c04bfa9f7a357e3c83394914b4457626ab",
        "sha256": "f81d3e91772dd3f7f42c6d9d5432742b29f14ead2120bd085230c0b94bd8b3d4"
      },
      "dob": {
        "date": "1975-08-06T07:25:02.994Z",
        "age": 47
      },
      "registered": {
        "date": "2010-01-21T22:07:08.469Z",
        "age": 12
      },
      "phone": "951-981-484",
      "cell": "605-614-037",
      "id": {
        "name": "DNI",
        "value": "66135422-N"
      },
      "picture": {
        "large": "https://randomuser.me/api/portraits/women/53.jpg",
        "medium": "https://randomuser.me/api/portraits/med/women/53.jpg",
        "thumbnail": "https://randomuser.me/api/portraits/thumb/women/53.jpg"
      },
      "nat": "ES"
    }
  ],
  "info": {
    "seed": "e560b952cc7d2edd",
    "results": 10,
    "page": 1,
    "version": "1.3"
  }
}